<ivy-module version="2.0">
	<info organisation="net.java.openjdk.custom" module="javac11" revision="11_2018-09-25" publication="20200606144743">
		<license name="GNU General Public License v2 with Classpath Exception" url="https://openjdk.java.net/legal/gplv2+ce.html" />
		<description homepage="https://openjdk.java.net" />
	</info>
	<configurations>
		<conf name="runtime" />
	</configurations>
	<publications>
		<artifact name="javac11-java.compiler" conf="runtime" url="https://projectlombok.org/ivyrepo/langtools/javac11_2018-09-25-java.compiler.jar" />
		<artifact name="javac11-jdk.compiler" conf="runtime" url="https://projectlombok.org/ivyrepo/langtools/javac11_2018-09-25-jdk.compiler.jar" />
	</publications>
</ivy-module>