<ivy-module version="2.0">
	<info organisation="net.java.openjdk.custom" module="javac8" revision="1.8.0" publication="20140613120000">
		<license name="GNU General Public License v2 with Classpath Exception" url="https://openjdk.java.net/legal/gplv2+ce.html" />
		<description homepage="https://openjdk.java.net" />
	</info>
	<configurations>
		<conf name="runtime" />
	</configurations>
	<publications>
		<artifact conf="runtime" url="https://projectlombok.org/ivyrepo/langtools/jdk8-javac.jar" />
	</publications>
</ivy-module>
