<ivy-module version="2.0">
	<info organisation="org.projectlombok" module="lombok.patcher" revision="0.56" publication="20250523040000">
		<license name="MIT License" url="https://www.opensource.org/licenses/mit-license.php" />
		<ivyauthor name="rzwitserloot" url="https://github.com/rzwitserloot" />
		<ivyauthor name="rspilker" url="https://github.com/rspilker" />
		<description homepage="https://projectlombok.org/" />
	</info>
	<configurations>
		<conf name="default" />
	</configurations>
	<publications>
		<artifact conf="default" url="https://projectlombok.org/downloads/lombok.patcher-0.56.jar" />
	</publications>
</ivy-module>
